SampleID,Target
valid1,0.70356368200487374
valid2,-0.0044396265418575175
valid3,0.00018600015928446999
valid4,0.0011967248568172202
valid5,0.022952673571951864
valid6,-0.54766284665390985
valid7,-0.11960190451611795
valid8,0.0001055826147277955
valid9,-0.0041600560410601402
