SampleID,Target
valid1,0.69607769071650605
valid2,0.00048357184711511365
valid3,-0.00024097022012582579
valid4,-0.0019084525454149141
valid5,0.00063124667129179637
valid6,-0.55127717949374899
valid7,-0.14300514573103129
valid8,0.00017467448030108939
valid9,-0.012076248991892493
