SampleID,Target
valid1,0.60068314080259944
valid2,-0.014965495652018655
valid3,-0.00020298695503589783
valid4,0.0021436675055704884
valid5,0.00052414135595466255
valid6,-0.69441827507248766
valid7,-0.21528802257817295
valid8,-3.7797123771005676e-05
valid9,-0.0057957784353558466
