SampleID,Target
valid1,0.86626938658374497
valid2,-0.14576526662965034
valid3,-0.0021485422866871912
valid4,0.031706074736472779
valid5,-0.02935713716983664
valid6,-1.4842313319059746
valid7,0.019240706010512032
valid8,-0.00057276910468823594
valid9,-0.0018462447369619708
