SampleID,Target
valid1,0.35624722364883765
valid2,-0.017104108183511005
valid3,-0.00058654108687065389
valid4,0.01119738203576073
valid5,0.00041957719875602284
valid6,-0.61709272120664782
valid7,0.19688100381776014
valid8,-0.0001766776096073882
valid9,-0.00026787801871079142
