SampleID,Target
valid1,0.86626938236530626
valid2,-0.14576526563309744
valid3,-0.0021485422976485575
valid4,0.031706074721207643
valid5,-0.0087118625895336206
valid6,-1.4842313255065618
valid7,0.019240704970428874
valid8,-0.00057276909395353841
valid9,-0.001846244735401131
