SampleID,Target
valid1,0.90074841056717458
valid2,-0.13851782624431752
valid3,-0.001153197371447484
valid4,0.031484862171951553
valid5,-0.025577883277972741
valid6,-1.5855436748500442
valid7,0.019442409749611922
valid8,-0.00050311606813597393
valid9,-0.0012604928104475136
